model_year,company_name,company_code,model_name,project_code,filename
2011~2019,Audi,AUD,a6,C7,2011~2019_AUD_a6_C7.pdf
2009~2016,Benz,BEZ,eclass,W212,2009~2016_BEZ_eclass_W212.pdf
2014~2021,Benz,BEZ,cclass,W205,2014~2021_BEZ_cclass_W205.pdf
2010~2016,BMW,BMW,5series,F10,2010~2016_BMW_5series_F10.pdf
2011~2018,BMW,BMW,3series,F30,2011~2018_BMW_3series_F30.pdf
2009~2015,Chevrolet,CVL,spark,M300,2009~2015_CVL_spark_M300.pdf
2012~2017,Honda,HDA,accord,CR,2012~2017_HDA_accord_CR.pdf
2011~2017,Hyundai,HYD,granduer,HG,2011~2017_HYD_granduer_HG.pdf
2012~2018,Hyundai,HYD,santafe,DM,2012~2018_HYD_santafe_DM.pdf
2009~2016,Hyundai,HYD,sonata,YF,2009~2016_HYD_sonata_YF.pdf
2010~2015,Hyundai,HYD,avante,MD,2010~2015_HYD_avante_MD.pdf
2004~present,Hyundai,HYD,porter,HR,2004~present_HYD_porter_HR.pdf
2011~2017,KIA,KIA,ray,TAM,2011~2017_KIA_ray_TAM.pdf
2011~2017,KIA,KIA,morining,TA,2011~2017_KIA_morning_TA.pdf
2004~present,KIA,KIA,bongo,PU,2004~present_KIA_bongo_PU.pdf
2010~2015,KIA,KIA,sportage,SL,2010~2015_KIA_spotage_SL.pdf
2009~2014,KIA,KIA,sorento,XM,2009~2014_KIA_sorento_XM.pdf
2014~2018,KIA,KIA,carnibal,YP,2014~2018_KIA_carnibal_YP.pdf
2012~2015,KIA,KIA,k3,YD,2012~2015_KIA_K3_YD.pdf
2010~2015,KIA,KIA,k5,TF,2010~2015_KIA_K5_TF.pdf
2012~2018,Lexus,LUX,ES350,XV60,2012~2018_LUX_ES350_XV60.pdf
2012~2018,Nissan,NSN,altima,L33,2012~2018_NSN_altima_L33.pdf
2011~2017,Toyota,TYT,camry,XV50,2011~2017_TYT_camry_XV50.pdf
2009~2016,Toyota,TYT,prius,XW30,2009~2016_TYT_prius_XW30.pdf
2013~2019,Volkswagen,VWG,golf,MK7,2013~2019_VWG_golf_MK7.pdf
2007~2015,Volkswagen,VWG,tiguan,5N,2007~2015_VWG_tiguan_5N.pdf
2012~2016,Volkswagen,VWG,CC,3CC,2012~2016_VWG_CC_3CC.pdf